# fbc message catalog snapshot (pinned tag; see AGENTS.md).
# kind	number	name	text	-w level
W	1	PASSINGSCALARASPTR	Passing scalar as pointer	2
W	2	PASSINGPTRTOSCALAR	Passing pointer to scalar	2
W	3	PASSINGDIFFPOINTERS	Passing different pointer types	2
W	4	SUSPICIOUSPTRASSIGN	Suspicious pointer assignment	2
W	5	IMPLICITCONVERSION	Implicit conversion	1
W	6	CANNOTEXPORT	Cannot export symbol without -export option	2
W	7	IDNAMETOOBIG	Identifier's name too big, truncated	2
W	8	NUMBERTOOBIG	Literal number too big, truncated	2
W	9	LITSTRINGTOOBIG	Literal string too big, truncated	2
W	10	POINTERFIELDS	UDT with pointer, var-len string, or var-len array fields	1
W	11	IMPLICITALLOCATION	Implicit variable allocation	1
W	12	NOCLOSINGQUOTE	Missing closing quote in literal string	1
W	13	NOFUNCTIONRESULT	Function result was not explicitly set	1
W	14	BRANCHCROSSINGLOCALVAR	Branch crossing local variable definition	2
W	15	NOEXPLICITPARAMMODE	No explicit BYREF or BYVAL	1
W	16	POSSIBLEESCSEQ	Possible escape sequence found in	1
W	17	PARAMSIZETOOBIG	The type length is too large, consider passing BYREF	1
W	18	PARAMLISTSIZETOOBIG	The length of the parameters list is too large, consider passing UDT's BYREF	2
W	19	ANYINITHASNOEFFECT	The ANY initializer has no effect on UDT's with default constructors	2
W	20	MIXINGMTMODES	Object files or libraries with mixed multithreading (-mt) options	3
W	21	MIXINGLANGMODES	Object files or libraries with mixed language (-lang) options	3
W	22	DELETEANYPTR	Deleting ANY pointers is undefined	1
W	23	HUGEARRAYONSTACK	Array too large for stack, consider making it var-len or SHARED	3
W	24	HUGEVARONSTACK	Variable too large for stack, consider making it SHARED	3
W	25	CONVOVERFLOW	Overflow in constant conversion	1
W	26	NEXTVARMEANINGLESS	Variable following NEXT is meaningless	1
W	27	CASTTONONPTR	Cast to non-pointer	1
W	28	RETURNMETHODMISMATCH	Return method mismatch	1
W	29	PASSINGPTR	Passing Pointer	1
W	30	CMDLINEOVERRIDES	Command line option overrides directive	1
W	31	DIRECTIVEIGNORED	Directive ignored after first pass	1
W	32	IFFOUNDAFTERELSE	'IF' statement found directly after multi-line 'ELSE'	1
W	33	SHIFTEXCEEDSBITSINDATATYPE	Shift value greater than or equal to number of bits in data type	1
W	34	BYREFEQAFTERPARENS	'=' parsed as equality operator in function argument, not assignment to BYREF function result	1
W	35	OPERANDSMIXEDSIGNEDNESS	Mixing signed/unsigned operands	1
W	36	MISMATCHINGPARAMINIT	Mismatching parameter initializer	1
W	37	AMBIGIOUSLENSIZEOF		2
W	38	OPERANDSMIXEDTYPES	Suspicious logic operation, mixed boolean and non-boolean operands	1
W	39	REDEFINITIONOFINTRINSIC	Redefinition of intrinsic	1
W	40	CONSTQUALIFIERDISCARDED	CONST qualifier discarded	0
W	41	RETURNTYPEMISMATCH	Return type mismatch	0
W	42	CALLINGCONVMISMATCH	Calling convention mismatch	0
W	43	ARGCNTMISMATCH	Argument count mismatch	0
W	44	SUFFIXIGNORED	Suffix ignored	1
W	45	FORENDTOOBIG	FOR counter variable is unable to exceed limit value	1
W	46	CMDLINEIGNORED	#cmdline ignored	1
W	47	RESERVEDGLOBALSYMBOL	Use of reserved global or backend symbol	1
W	48	EXPECTEDDIGIT	Expected digit	1
W	49	UPCASTDISCARDSINITIALIZER	Up-casting discards initializer(s)	1
E	1	ARGCNTMISMATCH	Argument count mismatch	0
E	2	EXPECTEDEOF	Expected End-of-File	0
E	3	EXPECTEDEOL	Expected End-of-Line	0
E	4	DUPDEFINITION	Duplicated definition	0
E	5	EXPECTINGAS	Expected 'AS'	0
E	6	EXPECTEDLPRNT	Expected '('	0
E	7	EXPECTEDRPRNT	Expected ')'	0
E	8	UNDEFINEDSYMBOL	Undefined symbol	0
E	9	EXPECTEDEXPRESSION	Expected expression	0
E	10	EXPECTEDEQ	Expected '='	0
E	11	EXPECTEDCONST	Expected constant	0
E	12	EXPECTEDTO	Expected 'TO'	0
E	13	EXPECTEDNEXT	Expected 'NEXT'	0
E	14	EXPECTEDIDENTIFIER	Expected identifier	0
E	15	EXPECTEDMINUS	Expected '-'	0
E	16	EXPECTEDCOMMA	Expected ','	0
E	17	SYNTAXERROR	Syntax error	0
E	18	ELEMENTNOTDEFINED	Element not defined	0
E	19	EXPECTEDENDTYPE	Expected 'END TYPE' or 'END UNION'	0
E	20	TYPEMISMATCH	Type mismatch	0
E	21	INTERNAL	Internal!	0
E	22	PARAMTYPEMISMATCH	Parameter type mismatch	0
E	23	FILENOTFOUND	File not found	0
E	24	INVALIDDATATYPES	Invalid data types	0
E	25	INVALIDCHARACTER	Invalid character	0
E	26	FILEACCESSERROR	File access error	0
E	27	RECLEVELTOODEEP	Recursion level too deep	0
E	28	EXPECTEDPOINTER	Expected pointer	0
E	29	EXPECTEDLOOP	Expected 'LOOP'	0
E	30	EXPECTEDWEND	Expected 'WEND'	0
E	31	EXPECTEDTHEN	Expected 'THEN'	0
E	32	EXPECTEDENDIF	Expected 'END IF'	0
E	33	ILLEGALEND	Illegal 'END'	0
E	34	EXPECTEDCASE	Expected 'CASE'	0
E	35	EXPECTEDENDSELECT	Expected 'END SELECT'	0
E	36	WRONGDIMENSIONS	Wrong number of dimensions	0
E	37	BOUNDSDIFFERFROMEXTERN	Array boundaries do not match the original EXTERN declaration	0
E	38	INNERPROCNOTALLOWED	'SUB' or 'FUNCTION' without 'END SUB' or 'END FUNCTION'	0
E	39	EXPECTEDENDSUBORFUNCT	Expected 'END SUB' or 'END FUNCTION'	0
E	40	RETURNTYPEMISMATCH	Return type here does not match DECLARE prototype	0
E	41	CALLINGCONVMISMATCH	Calling convention does not match DECLARE prototype	0
E	42	VARIABLENOTDECLARED	Variable not declared	0
E	43	VARIABLEREQUIRED	Variable required	0
E	44	ILLEGALOUTSIDECOMP	Illegal outside a compound statement	0
E	45	EXPECTEDENDASM	Expected 'END ASM'	0
E	46	PROCNOTDECLARED	Function not declared	0
E	47	EXPECTEDSEMICOLON	Expected ';'	0
E	48	UNDEFINEDLABEL	Undefined label	0
E	49	TOOMANYDIMENSIONS	Too many array dimensions	0
E	50	ARRAYTOOBIG	Array too big	0
E	51	UDTTOOBIG	User Defined Type too big	0
E	52	EXPECTEDSCALAR	Expected scalar counter	0
E	53	ILLEGALOUTSIDEAPROC	Illegal outside a CONSTRUCTOR, DESTRUCTOR, FUNCTION, OPERATOR, PROPERTY or SUB block	0
E	54	EXPECTEDDYNAMICARRAY	Expected var-len array	0
E	55	CANNOTRETURNFIXLENFROMFUNCTS	Fixed-len strings cannot be returned from functions	0
E	56	ARRAYALREADYDIMENSIONED	Array already dimensioned	0
E	57	ILLEGALRESUMEERROR	Illegal without the -ex option	0
E	58	PARAMTYPEMISMATCHAT	Type mismatch	0
E	59	ILLEGALPARAMSPECAT	Illegal specification	0
E	60	EXPECTEDENDWITH	Expected 'END WITH'	0
E	61	ILLEGALINSIDEASUB	Illegal inside functions	0
E	62	ILLEGALINSIDESELECT	Statement in between SELECT and first CASE	0
E	63	EXPECTEDARRAY	Expected array	0
E	64	EXPECTEDLBRACE	Expected '{'	0
E	65	EXPECTEDRBRACE	Expected '}'	0
E	66	EXPECTEDRBRACKET	Expected ']'	0
E	67	TOOMANYEXPRESSIONS	Too many expressions	0
E	68	EXPECTEDRESTYPE	Expected explicit result type	0
E	69	RANGETOOLARGE	Range too large	0
E	70	FORWARDREFNOTALLOWED	Forward references not allowed	0
E	71	INCOMPLETETYPE	Incomplete type	0
E	72	ARRAYNOTALLOCATED	Array not dimensioned	0
E	73	EXPECTEDINDEX	Array access, index expected	0
E	74	EXPECTEDENDENUM	Expected 'END ENUM'	0
E	75	CANTINITDYNAMICARRAYS	Var-len arrays cannot be initialized	0
E	76	DYNAMICARRAYWITHELLIPSIS	'...' ellipsis upper bound given for dynamic array (this is not supported)	0
E	77	ARRAYFIELDWITHELLIPSIS	'...' ellipsis upper bound given for array field (this is not supported)	0
E	78	INVALIDBITFIELD	Invalid bitfield	0
E	79	TOOMANYPARAMS	Too many parameters	0
E	80	MACROTEXTTOOLONG	Macro text too long	0
E	81	INVALIDCMDOPTION	Invalid command-line option	0
E	82	DOSWITHNONX86	Selected non-x86 CPU when compiling for DOS	0
E	83	GENGASWITHNONX86	Selected -gen gas|gas64 ASM backend is incompatible with CPU	0
E	84	GENGASWITHOUTINTEL	-asm att used for -gen gas, but -gen gas only supports -asm intel	0
E	85	PICNOTSUPPORTEDFOREXE	-pic used when making executable (only works when making a shared library)	0
E	86	PICNOTSUPPORTEDFORTARGET	-pic used, but not supported by target system (only works for non-x86 Unixes)	0
E	87	CANTINITDYNAMICSTRINGS	Var-len strings cannot be initialized	0
E	88	RECURSIVEUDT	Recursive TYPE or UNION not allowed	0
E	89	RECURSIVEMACRO	Recursive DEFINE not allowed	0
E	90	CANTINCLUDEPERIODS	Identifier cannot include periods	0
E	91	EXEMISSING	Executable not found	0
E	92	ARRAYOUTOFBOUNDS	Array out-of-bounds	0
E	93	MISSINGCMDOPTION	Missing command-line option for	0
E	94	EXPECTEDANY	Expected 'ANY'	0
E	95	EXPECTEDENDSCOPE	Expected 'END SCOPE'	0
E	96	ILLEGALINSIDEASCOPE	Illegal inside a compound statement or scoped block	0
E	97	CANTPASSUDTRESULTBYREF	UDT function results cannot be passed by reference	0
E	98	AMBIGUOUSCALLTOPROC	Ambiguous call to overloaded function	0
E	99	NOMATCHINGPROC	No matching overloaded function	0
E	100	DIVBYZERO	Division by zero	0
E	101	STACKUNDERFLOW	Cannot pop stack, underflow	0
E	102	CANTINITDYNAMICFIELDS	UDT's containing var-len string fields cannot be initialized	0
E	103	BRANCHTOBLOCKWITHLOCALVARS	Branching to scope block containing local variables	0
E	104	BRANCHTARGETOUTSIDECURRPROC	Branching to other functions or to module-level	0
E	105	BRANCHCROSSINGDYNDATADEF	Branch crossing local array, var-len string or object definition	0
E	106	LOOPWITHOUTDO	LOOP without DO	0
E	107	NEXTWITHOUTFOR	NEXT without FOR	0
E	108	WENDWITHOUTWHILE	WEND without WHILE	0
E	109	ENDWITHWITHOUTWITH	END WITH without WITH	0
E	110	ENDIFWITHOUTIF	END IF without IF	0
E	111	ENDSELECTWITHOUTSELECT	END SELECT without SELECT	0
E	112	ENDSUBWITHOUTSUB	END SUB or FUNCTION without SUB or FUNCTION	0
E	113	ENDSCOPEWITHOUTSCOPE	END SCOPE without SCOPE	0
E	114	ENDNAMESPACEWITHOUTNAMESPACE	END NAMESPACE without NAMESPACE	0
E	115	ENDEXTERNWITHOUTEXTERN	END EXTERN without EXTERN	0
E	116	ELSEIFWITHOUTIF	ELSEIF without IF	0
E	117	ELSEWITHOUTIF	ELSE without IF	0
E	118	CASEWITHOUTSELECT	CASE without SELECT	0
E	119	CONSTANTCANTBECHANGED	Cannot modify a constant	0
E	120	EXPECTEDPERIOD	Expected period ('.')	0
E	121	EXPECTEDENDNAMESPACE	Expected 'END NAMESPACE'	0
E	122	ILLEGALINSIDEANAMESPC	Illegal inside a NAMESPACE block	0
E	123	CANTREMOVENAMESPCSYMBOLS	Symbols defined inside namespaces cannot be removed	0
E	124	EXPECTEDENDEXTERN	Expected 'END EXTERN'	0
E	125	EXPECTEDENDSUB	Expected 'END SUB'	0
E	126	EXPECTEDENDFUNCTION	Expected 'END FUNCTION'	0
E	127	EXPECTEDENDCTOR	Expected 'END CONSTRUCTOR'	0
E	128	EXPECTEDENDDTOR	Expected 'END DESTRUCTOR'	0
E	129	EXPECTEDENDOPERATOR	Expected 'END OPERATOR'	0
E	130	EXPECTEDENDPROPERTY	Expected 'END PROPERTY'	0
E	131	DECLOUTSIDENAMESPC	Declaration outside the original namespace	0
E	132	EXPECTEDENDCOMMENT	No end of multi-line comment, expected ""'/""	0
E	133	TOOMANYERRORS	Too many errors, exiting	0
E	134	EXPECTEDMACRO	Expected 'ENDMACRO'	0
E	135	CANNOTINITEXTERNORCOMMON	EXTERN or COMMON variables cannot be initialized	0
E	136	DYNAMICEXTERNCANTHAVEBOUNDS	EXTERN or COMMON dynamic arrays cannot have initial bounds	0
E	137	ATLEASTONEPARAMMUSTBEANUDT	At least one parameter must be a user-defined type	0
E	138	PARAMORRESULTMUSTBEANUDT	Parameter or result must be a user-defined type	0
E	139	SAMEPARAMETERTYPES	Both parameters can't be of the same type	0
E	140	SAMEPARAMANDRESULTTYPES	Parameter and result can't be of the same type	0
E	141	INVALIDRESULTTYPEFORTHISOP	Invalid result type for this operator	0
E	142	PARAMTYPEINCOMPATIBLEWITHPARENT	Invalid parameter type, it must be the same as the parent TYPE/CLASS	0
E	143	VARARGPARAMNOTALLOWED	Vararg parameters are not allowed in overloaded functions	0
E	144	ILLEGALOUTSIDEANOPERATOR	Illegal outside an OPERATOR block	0
E	145	PARAMCANTBEOPTIONAL	Parameter cannot be optional	0
E	146	ONLYVALIDINLANG	Only valid in -lang	0
E	147	DEFTYPEONLYVALIDINLANG	Default types or suffixes are only valid in -lang	0
E	148	SUFFIXONLYVALIDINLANG	Suffixes are only valid in -lang	0
E	149	IMPLICITVARSONLYVALIDINLANG	Implicit variables are only valid in -lang	0
E	150	AUTOVARONLYVALIDINLANG	Auto variables are only valid in -lang	0
E	151	INVALIDARRAYINDEX	Invalid array index	0
E	152	OPMUSTBEAMETHOD	Operator must be a member function	0
E	153	OPCANNOTBEAMETHOD	Operator cannot be a member function	0
E	154	METHODINANONUDT	Method declared in anonymous UDT	0
E	155	CONSTINANONUDT	Constant declared in anonymous UDT	0
E	156	STATICVARINANONUDT	Static variable declared in anonymous UDT	0
E	157	EXPECTEDOPERATOR	Expected operator	0
E	158	DECLOUTSIDECLASS	Declaration outside the original namespace or class	0
E	159	DTORCANTCONTAINPARAMS	A destructor should not have any parameters	0
E	160	EXPECTEDCLASSID	Expected class or UDT identifier	0
E	161	VARLENSTRINGINUNION	Var-len strings cannot be part of UNION's or nested TYPE's	0
E	162	DYNAMICARRAYINUNION	Dynamic arrays cannot be part of UNION's or nested TYPE's	0
E	163	CTORINUNION	Fields with constructors cannot be part of UNION's or nested TYPE's	0
E	164	DTORINUNION	Fields with destructors cannot be part of UNION's or nested TYPE's	0
E	165	ILLEGALOUTSIDEACTOR	Illegal outside a CONSTRUCTOR block	0
E	166	ILLEGALOUTSIDEADTOR	Illegal outside a DESTRUCTOR block	0
E	167	STRUCTISNOTUNIQUE	UDT's with methods must have unique names	0
E	168	PARENTISNOTACLASS	Parent is not a class or UDT	0
E	169	CTORCHAINMUSTBEFIRST	CONSTRUCTOR() chain call not at top of constructor	0
E	170	BASEINITMUSTBEFIRST	BASE() initializer not at top of constructor	0
E	171	REDIMCTORMUSTBECDEL	REDIM on UDT with non-CDECL constructor	0
E	172	REDIMDTORMUSTBECDEL	REDIM on UDT with non-CDECL destructor	0
E	173	REDIMCTORMUSTHAVEONEPARAM	REDIM on UDT with non-parameterless default constructor	0
E	174	ERASECTORMUSTBECDEL	ERASE on UDT with non-CDECL constructor	0
E	175	ERASEDTORMUSTBECDEL	ERASE on UDT with non-CDECL destructor	0
E	176	ERASECTORMUSTHAVEONEPARAM	ERASE on UDT with non-parameterless default constructor	0
E	177	CANTUNDEF	This symbol cannot be undefined	0
E	178	RETURNMIXEDWITHASSIGN	RETURN mixed with 'FUNCTION =' or EXIT FUNCTION (using both styles together is unsupported when returning objects with constructors)	0
E	179	ASSIGNMIXEDWITHRETURN	'FUNCTION =' or EXIT FUNCTION mixed with RETURN (using both styles together is unsupported when returning objects with constructors)	0
E	180	MISSINGRETURNFORCTORRESULT	Missing RETURN to copy-construct function result	0
E	181	ILLEGALASSIGNMENT	Invalid assignment/conversion	0
E	182	INVALIDSUBSCRIPT	Invalid array subscript	0
E	183	NODEFAULTCTORDEFINED	TYPE or CLASS has no default constructor	0
E	184	RESULTHASNODEFCTOR	Function result TYPE has no default constructor	0
E	185	NOBASEINIT	Missing BASE() initializer (base UDT without default constructor requires manual initialization)	0
E	186	NEEDEXPLICITDEFCTOR	Missing default constructor implementation (base UDT without default constructor requires manual initialization)	0
E	187	NEEDEXPLICITCOPYCTOR	Missing UDT.constructor(byref as UDT) implementation (base UDT without default constructor requires manual initialization)	0
E	188	NEEDEXPLICITCOPYCTORCONST	Missing UDT.constructor(byref as const UDT) implementation (base UDT without default constructor requires manual initialization)	0
E	189	INVALIDPRIORITY	Invalid priority attribute	0
E	190	PARAMCNTFORPROPGET	PROPERTY GET should have no parameter, or just one if indexed	0
E	191	PARAMCNTFORPROPSET	PROPERTY SET should have one parameter, or just two if indexed	0
E	192	EXPECTEDPROPERTY	Expected 'PROPERTY'	0
E	193	ILLEGALOUTSIDEAPROPERTY	Illegal outside a PROPERTY block	0
E	194	PROPERTYHASNOGETMETHOD	PROPERTY has no GET method/accessor	0
E	195	PROPERTYHASNOSETMETHOD	PROPERTY has no SET method/accessor	0
E	196	PROPERTYHASNOIDXGETMETHOD	PROPERTY has no indexed GET method/accessor	0
E	197	PROPERTYHASNOIDXSETMETHOD	PROPERTY has no indexed SET method/accessor	0
E	198	UDTINFORNEEDSOPERATORS	Missing overloaded operator: 	0
E	199	EXPLICITCTORCALLINVECTOR	The NEW[] operator does not allow explicit calls to constructors	0
E	200	VECTORCANTBEINITIALIZED	The NEW[] operator only supports the { ANY } initialization	0
E	201	NEWCANTBEUSEDWITHFIXLENSTRINGS	The NEW operator cannot be used with fixed-length strings	0
E	202	ILLEGALMEMBERACCESS	Illegal member access	0
E	203	EXPECTEDSTMTSEP	Expected ':'	0
E	204	NOACCESSTODEFAULTCTOR	The default constructor has no public access	0
E	205	NOACCESSTOCTOR	Constructor has no public access	0
E	206	NOACCESSTODTOR	Destructor has no public access	0
E	207	NOACCESSTOBASEDEFCTOR	Accessing base UDT's private default constructor	0
E	208	NOACCESSTOBASEDTOR	Accessing base UDT's private destructor	0
E	209	ACCESSTONONSTATICMEMBER	Illegal non-static member access	0
E	210	ABSTRACTCTOR	Constructor declared ABSTRACT	0
E	211	VIRTUALCTOR	Constructor declared VIRTUAL	0
E	212	ABSTRACTDTOR	Destructor declared ABSTRACT	0
E	213	MEMBERCANTBESTATIC	Member cannot be static	0
E	214	MEMBERISNTSTATIC	Member isn't static	0
E	215	STATICMEMBERHASNOINSTANCEPTR	Only static members can be accessed from static functions and parameter initializers	0
E	216	PRIVORPUBTTRIBNOTALLOWED	The PRIVATE and PUBLIC attributes are not allowed with REDIM, COMMON or EXTERN	0
E	217	PROCPROTOTYPENOTSTATIC	STATIC used here, but not the in the DECLARE statement	0
E	218	PROCPROTOTYPENOTCONST	CONST used here, but not the in the DECLARE statement	0
E	219	PROCPROTOTYPENOTVIRTUAL	VIRTUAL used here, but not the in the DECLARE statement	0
E	220	PROCPROTOTYPENOTABSTRACT	ABSTRACT used here, but not the in the DECLARE statement	0
E	221	VIRTUALWITHOUTRTTI	Method declared VIRTUAL, but UDT does not extend OBJECT	0
E	222	ABSTRACTWITHOUTRTTI	Method declared ABSTRACT, but UDT does not extend OBJECT	0
E	223	OVERRIDINGNOTHING	Not overriding any virtual method	0
E	224	ABSTRACTBODY	Implemented body for an ABSTRACT method	0
E	225	OVERRIDERETTYPEDIFFERS	Override has different return type than overridden method	0
E	226	OVERRIDECALLCONVDIFFERS	Override has different calling convention than overridden method	0
E	227	IMPLICITDTOROVERRIDECALLCONVDIFFERS	Implicit destructor override would have different calling convention	0
E	228	IMPLICITLETOVERRIDECALLCONVDIFFERS	Implicit LET operator override would have different calling convention	0
E	229	OVERRIDEISNTCONSTMEMBER	Override is not a CONST member like the overridden method	0
E	230	OVERRIDEISCONSTMEMBER	Override is a CONST member, but the overridden method is not	0
E	231	OVERRIDEPARAMSDIFFER	Override has different parameters than overridden method	0
E	232	OPERATORCANTBESTATIC	This operator cannot be STATIC	0
E	233	OPERATORCANTBEVIRTUAL	This operator is implicitly STATIC and cannot be VIRTUAL or ABSTRACT	0
E	234	OPERATORCANTBECONST	This operator is implicitly STATIC and cannot be CONST	0
E	235	PARAMMUSTBEANINTEGER	Parameter must be an integer	0
E	236	PARAMMUSTBEAPOINTER	Parameter must be a pointer	0
E	237	AUTONEEDSINITIALIZER	Expected initializer	0
E	238	KEYWORDFIELDSNOTALLOWEDINCLASSES	Fields cannot be named as keywords in TYPE's that contain member functions or in CLASS'es	0
E	239	ILLEGALOUTSIDEFORSTMT	Illegal outside a FOR compound statement	0
E	240	ILLEGALOUTSIDEDOSTMT	Illegal outside a DO compound statement	0
E	241	ILLEGALOUTSIDEWHILESTMT	Illegal outside a WHILE compound statement	0
E	242	ILLEGALOUTSIDESELSTMT	Illegal outside a SELECT compound statement	0
E	243	EXPECTEDFOR	Expected 'FOR'	0
E	244	EXPECTEDDO	Expected 'DO'	0
E	245	EXPECTEDWHILE	Expected 'WHILE'	0
E	246	EXPECTEDSELECT	Expected 'SELECT'	0
E	247	NOENCLOSEDFORSTMT	No outer FOR compound statement found	0
E	248	NOENCLOSEDDOSTMT	No outer DO compound statement found	0
E	249	NOENCLOSEDWHILESTMT	No outer WHILE compound statement found	0
E	250	NOENCLOSEDSELSTMT	No outer SELECT compound statement found	0
E	251	INVALIDEXITSTMT	Expected 'CONSTRUCTOR', 'DESTRUCTOR', 'DO', 'FOR', 'FUNCTION', 'OPERATOR', 'PROPERTY', 'SELECT', 'SUB' or 'WHILE'	0
E	252	INVALIDCONTINUESTMT	Expected 'DO', 'FOR' or 'WHILE'	0
E	253	ILLEGALOUTSIDEASUB	Illegal outside a SUB block	0
E	254	ILLEGALOUTSIDEAFUNCTION	Illegal outside a FUNCTION block	0
E	255	AMBIGUOUSSYMBOLACCESS	Ambiguous symbol access, explicit scope resolution required	0
E	256	NOELEMENTSDEFINED	An ENUM, TYPE or UNION cannot be empty	0
E	257	NONSCOPEDENUM	ENUM's declared inside EXTERN .. END EXTERN blocks don't open new scopes	0
E	258	STATICNONMEMBERPROC	STATIC used on non-member procedure	0
E	259	CONSTNONMEMBERPROC	CONST used on non-member procedure	0
E	260	ABSTRACTNONMEMBERPROC	ABSTRACT used on non-member procedure	0
E	261	VIRTUALNONMEMBERPROC	VIRTUAL used on non-member procedure	0
E	262	INVALIDINITIALIZER	Invalid initializer	0
E	263	NOOOPINFUNCTIONS	Objects with default [con|de]structors or methods are only allowed in the module level	0
E	264	NOSTATICMEMBERVARINNESTEDUDT	Static member variable in nested UDT (only allowed in toplevel UDTs)	0
E	265	EXPECTEDUDT	Symbol not a CLASS, ENUM, TYPE or UNION type	0
E	266	TOOMANYELEMENTS	Too many elements	0
E	267	NOTADATAMEMBER	Only data members supported	0
E	268	UNIONSNOTALLOWED	UNIONs are not allowed	0
E	269	ARRAYSNOTALLOWED	Arrays are not allowed	0
E	270	COMMONCANTBEOBJINST	COMMON variables cannot be object instances of CLASS/TYPE's with cons/destructors	0
E	271	CLONECANTTAKESELFBYVAL	Cloning operators (LET, Copy constructors) can't take a byval arg of the parent's type	0
E	272	INVALIDREFERENCETOLOCAL	Local symbols can't be referenced	0
E	273	EXPECTEDPTRORPOINTER	Expected 'PTR' or 'POINTER'	0
E	274	TOOMANYPTRINDIRECTIONS	Too many levels of pointer indirection	0
E	275	DYNAMICARRAYSCANTBECONST	Dynamic arrays can't be const	0
E	276	CONSTUDTTONONCONSTMETHOD	Const UDT cannot invoke non-const method	0
E	277	ELEMENTSMUSTBEEMPTY	Elements must be empty for strings and arrays	0
E	278	NOGOSUB	GOSUB disabled, use 'OPTION GOSUB' to enable	0
E	279	INVALIDLANG	Invalid -lang	0
E	280	CANTUSEANYINITELLIPSIS	Can't use ANY as initializer in array with ellipsis bound	0
E	281	MUSTHAVEINITWITHELLIPSIS	Must have initializer with array with ellipsis bound	0
E	282	CANTUSEELLIPSISASLOWERBOUND	Can't use ... as lower bound	0
E	283	FORNEXTVARIABLEMISMATCH	FOR/NEXT variable name mismatch	0
E	284	OPTIONREQUIRESSSE	Selected option requires an SSE FPU mode	0
E	285	EXPECTEDRELOP	Expected relational operator ( =, >, <, <>, <=, >= )	0
E	286	STMTUNSUPPORTEDINGCC	Unsupported statement in -gen gcc mode	0
E	287	TOOMANYLABELS	Too many labels	0
E	288	UNSUPPORTEDFUNCTION	Unsupported function	0
E	289	EXPECTEDSUB	Expected sub	0
E	290	EXPECTEDPPENDIF	Expected '#ENDIF'	0
E	291	RCFILEWRONGTARGET	Resource file given for target system that does not support them	0
E	292	OBJFILEWITHOUTINPUTFILE	-o <file> option without corresponding input file	0
E	293	EXPECTEDCLASSTYPE	Not extending a TYPE/UNION (a TYPE/UNION can only extend other TYPEs/UNIONs)	0
E	294	ILLEGALOUTSIDEAMETHOD	Illegal outside a CLASS, TYPE or UNION method	0
E	295	CLASSNOTDERIVED	CLASS, TYPE or UNION not derived	0
E	296	CLASSWITHOUTCTOR	CLASS, TYPE or UNION has no constructor	0
E	297	TYPEHASNORTTI	Symbol type has no Run-Time Type Info (RTTI)	0
E	298	TYPESARENOTRELATED	Types have no hierarchical relation	0
E	299	TYPEMUSTBEAUDT	Expected a CLASS, TYPE or UNION symbol type	0
E	300	CASTDERIVEDPTRFROMINCOMPATIBLE	Casting derived UDT pointer from incompatible pointer type	0
E	301	CASTDERIVEDPTRFROMUNRELATED	Casting derived UDT pointer from unrelated UDT pointer type	0
E	302	CASTDERIVEDPTRTOINCOMPATIBLE	Casting derived UDT pointer to incompatible pointer type	0
E	303	CASTDERIVEDPTRTOUNRELATED	Casting derived UDT pointer to unrelated UDT pointer type	0
E	304	EMPTYALIASSTRING	ALIAS name string is empty	0
E	305	EMPTYLIBSTRING	LIB name string is empty	0
E	306	OBJECTOFABSTRACTCLASS	UDT has unimplemented abstract methods	0
E	307	CALLTOABSTRACT	Non-virtual call to ABSTRACT method	0
E	308	PPASSERT_FAILED	#ASSERT condition failed	0
E	309	EXPECTEDGT	Expected '>'	0
E	310	INVALIDSIZE	Invalid size	0
E	311	DIFFERENTALIASTHANPROTO	ALIAS name here does not match ALIAS given in DECLARE prototype	0
E	312	VARARGONLYALLOWEDINCDECL	vararg parameters are only allowed in CDECL procedures	0
E	313	VARARGNOTALLOWEDASFIRSTPARAM	the first parameter in a procedure may not be vararg	0
E	314	CONSTCTOR	CONST used on constructor (not needed)	0
E	315	CONSTDTOR	CONST used on destructor (not needed)	0
E	316	NOBYREFFUNCTIONRESULT	Byref function result not set	0
E	317	RESULTASSIGNOUTSIDEFUNCTION	Function result assignment outside of the function	0
E	318	TYPEMISMATCHINBYREFRESULTASSIGN	Type mismatch in byref function result assignment	0
E	319	ASMOPTIONGIVENFORNONX86	-asm att|intel option given, but not supported for this target (only x86 or x86_64)	0
E	320	MISSINGREFINIT	Reference not initialized	0
E	321	INCOMPATIBLEREFINIT	Incompatible reference initializer	0
E	322	ARRAYOFREFS	Array of references - not supported yet	0
E	323	INVALIDCASERANGE	Invalid CASE range, start value is greater than the end value	0
E	324	BYREFFIXSTR	Fixed-length string combined with BYREF (not supported)	0
E	325	ILLEGALUSEOFRESERVEDSYMBOL	Illegal use of reserved symbol	0
E	326	EXPECTEDCOMMAORSEMICOLON	Expected ',' or ';'	0
E	327	EXPECTEDFILENUMBEREXPRESSION	Expected file number expression	0
E	328	MALFORMEDSOURCEDATEEPOCH	Malformed SOURCE_DATE_EPOCH environment variable	0
